--liquibase formatted sql

--changeset ClientDataRMS:1

insert  into `ge_merchant_master`(`merchant_id`,`merchant_code`,`merchant_name`,`merchant_domain_name`,`registration_date`,`user_name`,`password`,`vendor_user_name`,`vendor_password`,`status`) values (4,'SLE','Sports Lottery Engine','localhost',NULL,NULL,NULL,'sleUser','slePassword','INACTIVE'),(5,'PMS','PMS','localhost',NULL,NULL,NULL,'E49B4EF3-1511-4B8B-86D2-CE78DA0F74D6','p@55w0rd','ACTIVE'),(6,'VS','Virtual Sport','localhost','2016-09-30 05:43:14',NULL,NULL,'vsUser','vsp@55w0rd','INACTIVE'),(7,'IW','Instant Win','localhost','2016-09-30 09:32:51',NULL,NULL,'iwUser','iwp@55w0rd','ACTIVE');


/*Data for the table `st_cs_circle_master` */

insert  into `st_cs_circle_master`(`circle_code`,`circle_name`,`status`) values ('*','All Circles','ACTIVE');

/*Data for the table `st_cs_product_category_master` */

insert  into `st_cs_product_category_master`(`category_id`,`category_code`,`description`,`status`) values (7,'Pin','Pin','Active'),(8,'PinLess','PinLess','Active');

/*Data for the table `st_cs_product_details` */

insert  into `st_cs_product_details`(`product_id`,`talktime`,`validity`,`admin_fee`,`service_tax`,`recharge_instructions`) values (1,'0.50','100','0.00','15.00','*123*PIN#'),(2,'1.00','100','0.00','15.00','*123*PIN#'),(3,'2.00','100','0.00','15.00','*123*PIN#'),(4,'5.00','100','0.00','15.00','*123*PIN#'),(5,'1.00','60','0.00','15.00','*123*PIN#'),(6,'1.00','100','0.00','15.00','*133*PIN#'),(7,'0.00','21','1.00','0.00','0'),(8,'0.00','5','0.00','0.00','0');

/*Data for the table `st_cs_product_master` */

insert  into `st_cs_product_master`(`product_id`,`product_code`,`category_id`,`description`,`operator_code`,`circle_code`,`denomination`,`country_code`,`supplier_name`,`unit_price`,`retailer_comm`,`agent_comm`,`jv_comm`,`good_cause_comm`,`vat_comm`,`status`) values (1,'RV',7,'RV 0.50','1','*','0.50','KEN','PW','0.50','6.00','7.00','10.00','0.00','10.00','ACTIVE'),(2,'RV',7,'RV 1.00','1','*','1.00','KEN','PW','1.00','6.00','7.00','10.00','0.00','10.00','ACTIVE'),(3,'RV',7,'RV 2','1','*','2.00','KEN','PW','2.00','6.00','7.00','10.00','0.00','10.00','ACTIVE'),(4,'RV',7,'RV 5','1','*','5.00','KEN','PW','5.00','6.00','7.00','10.00','0.00','10.00','ACTIVE'),(5,'RV',7,'RV 1','2','*','1.00','KEN','PW','1.00','6.00','7.00','7.50','0.00','10.00','ACTIVE'),(6,'RV',7,'RV 1','3','*','1.00','KEN','PW','1.00','6.00','7.00','9.00','0.00','10.00','ACTIVE'),(7,'012',7,'jdskgfdsfsbgdfk ','1','*','0.0','KEN','anandita','0.00','0.00','0.00','0.00','0.00','0.00','ACTIVE'),(8,'212',7,'kjdsfgdfksg','1','*','0.0','KEN','anandita','1.00','0.00','0.00','0.00','0.00','0.00','ACTIVE');

/*Data for the table `st_dg_game_master` */

insert  into `st_dg_game_master`(`game_id`,`game_nbr`,`game_name`,`game_name_dev`,`agent_sale_comm_rate`,`agent_pwt_comm_rate`,`retailer_sale_comm_rate`,`retailer_pwt_comm_rate`,`vat_amt`,`govt_comm`,`govt_comm_pwt`,`high_prize_amt`,`prize_payout_ratio`,`game_status`,`offline_freeze_time`,`is_offline`,`raffle_ticket_type`,`closing_time`,`display_order`,`is_sale_allowed_through_terminal`,`bonus_ball_enable`) values (1,1,'Lucky Numbers','KenoTwo','0.00','0.00','0.00','0.00','15.00','25.00',NULL,'5000.00','50.00','OPEN',30,'N',NULL,NULL,3,'Y','N'),(3,3,'LOTTO BONUSFreeMarch14','ZimLottoBonusFree','0.00','0.00','0.00','0.00','15.00','25.00',NULL,'5000.00','50.00','SALE_CLOSE',30,'N','ORIGINAL',NULL,2,NULL,'N'),(4,4,'THE REAL LOTTO FREE JACKPOT Ticket','Zimlottothree','0.00','0.00','0.00','0.00','15.00','25.00',NULL,'5000.00','50.00','SALE_CLOSE',30,'N','ORIGINAL','2012-05-30 00:00:00',4,NULL,'N'),(5,5,'Bonus Lotto','ZimLottoBonus','0.00','0.00','0.00','0.00','15.00','25.00',NULL,'5000.00','50.00','OPEN',30,'N','ORIGINAL',NULL,1,'Y','N'),(6,6,'THE REAL LOTTO Feb11','Zimlotto','0.00','0.00','0.00','0.00','15.00','25.00',NULL,'5000.00','50.00','SALE_CLOSE',30,'N',NULL,'2011-05-30 00:00:00',6,NULL,'N'),(7,7,'THE REAL LOTTO','Zimlottotwo','0.00','0.00','0.00','0.00','15.00','25.00',NULL,'5000.00','50.00','SALE_CLOSE',30,'N','ORIGINAL','2012-05-30 00:00:00',5,NULL,'N'),(8,8,'Bonus Lotto FreeFeb16','ZimLottoBonusTwoFree','0.00','0.00','0.00','0.00','15.00','25.00',NULL,'5000.00','50.00','SALE_CLOSE',30,'N','ORIGINAL',NULL,9,'Y','N'),(9,9,'Promotional Daily Raffle','RaffleGame1','0.00','0.00','0.00','0.00','0.00','0.00',NULL,'0.00','0.00','SALE_CLOSE',50,'N',NULL,'2013-01-01 00:00:00',7,NULL,'N'),(10,2,'Bonus LottoFeb16','ZimLottoBonusTwo','0.00','0.00','0.00','0.00','15.00','25.00',NULL,'5000.00','50.00','SALE_CLOSE',30,'N','ORIGINAL',NULL,8,'Y','N'),(12,9,'Fast Lotto','Zerotonine','0.00','0.00','0.00','0.00','2.50','7.50',NULL,'100000.00','50.00','OPEN',30,'N','ORIGINAL',NULL,11,'N','N'),(15,4,'Power Play','TwelveByTwentyFour','0.00','0.00','0.00','0.00','2.50','7.50',NULL,'100000.00','50.00','OPEN',30,'Y',NULL,NULL,5,'Y','N'),(16,7,'10/20 Game','TenByTwenty','0.00','0.00','0.00','0.00','15.00','25.00',NULL,'5000.00','50.00','OPEN',30,'N',NULL,NULL,1,'Y','N'),(17,6,'Roulette','FullRoulette','0.00','0.00','0.00','0.00','0.00','0.00','0.00','100000.00','50.00','OPEN',30,'Y','REFERENCE',NULL,12,'N','N'),(18,3,'Super Keno','KenoSix','0.00','0.00','0.00','0.00','0.00','0.00','0.00','100000.00','50.00','OPEN',30,'Y','REFERENCE',NULL,3,'N','N'),(19,8,'1/12 Zodiac','OneToTwelve','0.00','0.00','0.00','0.00','0.00','0.00','0.00','100000.00','50.00','OPEN',30,'Y','REFERENCE',NULL,4,'N','N'),(20,2,'Mini Roulette','MiniRoulette','0.00','0.00','0.00','0.00','0.00','0.00','0.00','100000.00','50.00','OPEN',30,'Y','REFERENCE',NULL,6,'N','N');

insert  into `st_dg_promo_scheme`(`scheme_id`,`sale_game_id`,`promo_game_id`,`sale_ticket_amt`,`valid_for_draw`,`promo_game_type`,`status`,`promo_ticket_type`,`no_of_free_tickets`,`no_of_draws`,`start_time`,`end_time`) values (3,5,3,'0','ALL','PROMO','INACTIVE','ORIGINAL',0,1,NULL,NULL),(8,10,8,'0','ALL','PROMO','INACTIVE','ORIGINAL',0,1,NULL,NULL);

/*Data for the table `st_ics_property_master` */

insert  into `st_ics_property_master`(`id`,`property_dev_name`,`property_display_name`,`status`,`editable`,`value`,`value_type`,`description`) values (1,'MAIL_TO','Mail To','ACTIVE','YES','abc@skilrock.com,def@skilrock.com','String','Mail To Users.'),(2,'MAX_EXECUTION_TIME','Maximum Execution Time','ACTIVE','YES','2000','Integer','Maximum Execution Time');

/*Data for the table `st_iw_game_master` */

insert  into `st_iw_game_master`(`game_id`,`game_no`,`game_dev_name`,`game_disp_name`,`vat_amt`,`gov_comm_rate`,`retailer_sale_comm_rate`,`retailer_pwt_comm_rate`,`agent_sale_comm_rate`,`agent_pwt_comm_rate`,`closing_time`,`display_order`,`game_status`,`prize_payout_ratio`) values (1,1,'INSTANT_WIN','INSTANT WIN','2.00','1.00','1.00','2.00','1.00','2.00',NULL,1,'SALE_OPEN','0.00');


/*Data for the table `st_lms_city_master` */

insert  into `st_lms_city_master`(`city_name`,`city_code`,`state_code`,`country_code`,`city_phone_code`,`status`) values ('Harare','HAR','HAR','ZIM',NULL,'ACTIVE'),('Birchenough Bridge','BIRC','MAN','ZIM',NULL,'ACTIVE'),('Buhera','BUH','MAN','ZIM',NULL,'ACTIVE'),('Cashelhe Tizvione','CASHT','MAN','ZIM',NULL,'ACTIVE'),('Hauna','HAUN','MAN','ZIM',NULL,'ACTIVE'),('Nyazura','NYA','MAN','ZIM',NULL,'ACTIVE'),('Rusape','RUSA','MAN','ZIM',NULL,'ACTIVE'),('Glendale','GLEND','MAC','ZIM',NULL,'ACTIVE'),('Mount Darwin','MOUNTD','MAC','ZIM',NULL,'ACTIVE'),('Mvurwi','MVUR','MAC','ZIM',NULL,'ACTIVE'),('Bindura','BIND','MAC','ZIM',NULL,'ACTIVE'),('Bulawayo','BUL','BUL','ZIM',NULL,'ACTIVE'),('Bromley','BROM','MAE','ZIM',NULL,'ACTIVE'),('Chitungwiza','CHIT','MAE','ZIM',NULL,'ACTIVE'),('Marondera','MARON','MAE','ZIM',NULL,'ACTIVE'),('Ruwa','RUW','MAE','ZIM',NULL,'ACTIVE'),('Kotwa','KOT','MAE','ZIM',NULL,'ACTIVE'),('Chivhu','CHIV','MAE','ZIM',NULL,'ACTIVE'),('Nharira','NHAR','MAE','ZIM',NULL,'ACTIVE'),('Goromonzi','GORO','MAE','ZIM',NULL,'ACTIVE'),('Macheke','MACH','MAE','ZIM',NULL,'ACTIVE'),('Mahusekwa','MAHU','MAE','ZIM',NULL,'ACTIVE'),('Suswe','SUS','MAE','ZIM',NULL,'ACTIVE'),('Wedza','WEDZ','MAE','ZIM',NULL,'ACTIVE'),('Mutoko','MUTO','MAE','ZIM',NULL,'ACTIVE'),('Murewa','MURE','MAE','ZIM',NULL,'ACTIVE'),('Juru','JURU','MAE','ZIM',NULL,'ACTIVE'),('Sadza','SAD','MAE','ZIM',NULL,'ACTIVE'),('Makosa','MAKO','MAE','ZIM',NULL,'ACTIVE'),('Makaha','MAKA','MAE','ZIM',NULL,'ACTIVE'),('Bondamakara','BOND','MAE','ZIM',NULL,'ACTIVE'),('Headlands','HEAD','MAE','ZIM',NULL,'ACTIVE'),('Nyamapanda','NYAM','MAE','ZIM',NULL,'ACTIVE'),('Alaska','ALA','MAW','ZIM',NULL,'ACTIVE'),('Banket','BANK','MAW','ZIM',NULL,'ACTIVE'),('Battlefields','BATTLE','MAW','ZIM',NULL,'ACTIVE'),('Bumi Hills','BUMI','MAW','ZIM',NULL,'ACTIVE'),('Cape Haig','CAPH','MAW','ZIM',NULL,'ACTIVE'),('Chakari','CHAKA','MAW','ZIM',NULL,'ACTIVE'),('Charara','CHAR','MAW','ZIM',NULL,'ACTIVE'),('Chegutu','CHEGU','MAW','ZIM',NULL,'ACTIVE'),(' Chinhoyi','CHIN','MAW','ZIM',NULL,'ACTIVE'),('Chirundu','CHIRU','MAW','ZIM',NULL,'ACTIVE'),('Darwendale','DARW','MAW','ZIM',NULL,'ACTIVE'),('Doma','DOM','MAW','ZIM',NULL,'ACTIVE'),('Eiffel Flats','EIFF','MAW','ZIM',NULL,'ACTIVE'),('Eldorado','ELDO','MAW','ZIM',NULL,'ACTIVE'),('Feock','FEO','MAW','ZIM',NULL,'ACTIVE'),('Gadzema ','GAD','MAW','ZIM',NULL,'ACTIVE'),('Golden Valley','GOLD','MAW','ZIM',NULL,'ACTIVE'),('Kadoma','KAD','MAW','ZIM',NULL,'ACTIVE'),('Kariba','KARI','MAW','ZIM',NULL,'ACTIVE'),('Karoi','KARO','MAW','ZIM',NULL,'ACTIVE'),('Kildonan','KILD','MAW','ZIM',NULL,'ACTIVE'),('Lion\'s Den','LION','MAW','ZIM',NULL,'ACTIVE'),('Madadzi','MADA','MAW','ZIM',NULL,'ACTIVE'),('Magunje','MAG ','MAW','ZIM',NULL,'ACTIVE'),('Makuti','MAK','MAW','ZIM',NULL,'ACTIVE'),('Makwiro','MAKW','MAW','ZIM',NULL,'ACTIVE'),('Mhangura','MHANG','MAW','ZIM',NULL,'ACTIVE'),('Mubayira','MUBA','MAW','ZIM',NULL,'ACTIVE'),('Munyati','MUNY','MAW','ZIM',NULL,'ACTIVE'),('Muriel','MURI','MAW','ZIM',NULL,'ACTIVE'),('Murombedzi','MUROM','MAW','ZIM',NULL,'ACTIVE'),('Mutorashanga','MUTOR','MAW','ZIM',NULL,'ACTIVE'),('Mwami','MWA','MAW','ZIM',NULL,'ACTIVE'),('Norton','NORT','MAW','ZIM',NULL,'ACTIVE'),('Orlando Heights','ORL','MAW','ZIM',NULL,'ACTIVE'),('Raffingora','RAFF','MAW','ZIM',NULL,'ACTIVE'),('Sanyati','SANY','MAW','ZIM',NULL,'ACTIVE'),('Selous','SEL','MAW','ZIM',NULL,'ACTIVE'),('Shackleton','SHAC','MAW','ZIM',NULL,'ACTIVE'),('Tashinga','TASH','MAW','ZIM',NULL,'ACTIVE'),('Trelawney','TREL','MAW','ZIM',NULL,'ACTIVE'),('Umsweswe','UMSWE','MAW','ZIM',NULL,'ACTIVE'),('Unsworth','UNSW','MAW','ZIM',NULL,'ACTIVE'),('Vanad','VAN','MAW','ZIM',NULL,'ACTIVE'),('Venice','VEN','MAW','ZIM',NULL,'ACTIVE'),('Vuti','VUTI','MAW','ZIM',NULL,'ACTIVE'),('Zave','ZAV','MAW','ZIM',NULL,'ACTIVE'),('Bikita','BIKI','MAS','ZIM',NULL,'ACTIVE'),('Bubye River','BUB','MAS','ZIM',NULL,'ACTIVE'),('Buffalo Range','BUFF','MAS','ZIM',NULL,'ACTIVE'),('Chatsworth','CHAT','MAS','ZIM',NULL,'ACTIVE'),('Chiredzi','CHIR','MAS','ZIM',NULL,'ACTIVE'),('Chivi','CHIVI','MAS','ZIM',NULL,'ACTIVE'),('Felixburg','FELI','MAS','ZIM',NULL,'ACTIVE'),('Gaths Mine','GAT','MAS','ZIM',NULL,'ACTIVE'),('Glenclova','GLE','MAS','ZIM',NULL,'ACTIVE'),('Glenlivet','GLEN','MAS','ZIM',NULL,'ACTIVE'),('Gutu','GUTU','MAS','ZIM',NULL,'ACTIVE'),('Gurajena','GURA','MAS','ZIM',NULL,'ACTIVE'),('Gwengwerere GP','Gwen','MAS','zim',NULL,'ACTIVE'),('Hippo Valley','HIPP','MAS','ZIM',NULL,'ACTIVE'),('Mabalauta','MABA','MAS','ZIM',NULL,'ACTIVE'),('Maranda','MARA','MAS','ZIM',NULL,'ACTIVE'),('Mashava','MAS','MAS','ZIM',NULL,'ACTIVE'),('Masvingo','MASV','MAS','ZIM',NULL,'ACTIVE'),('Mbizi','MBI','MAS','ZIM',NULL,'ACTIVE'),('Mupandawana','MUPA','MAS','ZIM',NULL,'ACTIVE'),('Mwenezi','MWEN','MAS','ZIM',NULL,'ACTIVE'),('Ndanga','NDA','MAS','ZIM',NULL,'ACTIVE'),('Nemanwa','NEM','MAS','ZIM',NULL,'ACTIVE'),('Ngomahuru','NGO','MAS','ZIM',NULL,'ACTIVE'),('Ngundu','NGU','MAS','ZIM',NULL,'ACTIVE'),('Renco','REN','MAS','ZIM',NULL,'ACTIVE'),('Zimuto Siding','ZIMU','MAS','ZIM',NULL,'ACTIVE'),('Rutenga','RUTE','MAS','ZIM',NULL,'ACTIVE'),('Sango','SANG','MAS','ZIM',NULL,'ACTIVE'),('Soti-Source','SOTI','MAS','ZIM',NULL,'ACTIVE'),('Triangle','TRI','MAS','ZIM',NULL,'ACTIVE'),('Tswiza','TSW','MAS','ZIM',NULL,'ACTIVE'),('Zaka','ZAK','MAS','ZIM',NULL,'ACTIVE'),('Musekiwa','MUSE','MAS','ZIM',NULL,'ACTIVE'),('Bembezi','BEMB','MTN','ZIM',NULL,'ACTIVE'),('Binga','BING','MTN','ZIM',NULL,'ACTIVE'),('Dagamela','DAGA','MTN','ZIM',NULL,'ACTIVE'),('Deka Drum','DEKA','MTN','ZIM',NULL,'ACTIVE'),('Dete','DETE','MTN','ZIM',NULL,'ACTIVE'),('Eastnor','EAST','MTN','ZIM',NULL,'ACTIVE'),('Hwange','HWAN','MTN','ZIM',NULL,'ACTIVE'),('Inyati','INYA','MTN','ZIM',NULL,'ACTIVE'),('Kamativi','KAMA','MTN','ZIM',NULL,'ACTIVE'),('Kariyangwe','KARIY','MTN','ZIM',NULL,'ACTIVE'),('Kazungula','KAZUN','MTN','ZIM',NULL,'ACTIVE'),('Kenmaur','KENM','MTN','ZIM',NULL,'ACTIVE'),('Lonely Mine','LONE','MTN','ZIM',NULL,'ACTIVE'),('Lupane','LUPA','MTN','ZIM',NULL,'ACTIVE'),('Lusulu','LUSU','MTN','ZIM',NULL,'ACTIVE'),('Matetsi','MATE','MTN','ZIM',NULL,'ACTIVE'),('Mlibizi','MLI','MTN','ZIM',NULL,'ACTIVE'),('Msuna','MSU','MTN','ZIM',NULL,'ACTIVE'),('Nkayi','NKA','MTN','ZIM',NULL,'ACTIVE'),('Ntabazinduna','NTA','MTN','ZIM',NULL,'ACTIVE'),('Nyamandhlovu','NYAMA','MTN','ZIM',NULL,'ACTIVE'),('Pandamatenga','PAND','MTN','ZIM',NULL,'ACTIVE'),('Queen\'s Mine','QUEE','MTN','ZIM',NULL,'ACTIVE'),('Shangani','SHAN','MTN','ZIM',NULL,'ACTIVE'),('Siabuwa','SIAB','MTN','ZIM',NULL,'ACTIVE'),('Tsholotsho','TSHO','MTN','ZIM',NULL,'ACTIVE'),('Tshotsholo','TSHOT','MTN','ZIM',NULL,'ACTIVE'),('Turk Mine','TURK','MTN','ZIM',NULL,'ACTIVE'),('Victoria Falls','VICF','MTN','ZIM',NULL,'ACTIVE'),('Antelope Mine','ANT','MTS','ZIM',NULL,'ACTIVE'),('Beitbridge','BEIT','MTS','ZIM',NULL,'ACTIVE'),('Blanket','BLAN','MTS','ZIM',NULL,'ACTIVE'),('Colleen Bawn','COLLE','MTS','ZIM',NULL,'ACTIVE'),('Esimbomvu','ESI','MTS','ZIM',NULL,'ACTIVE'),('Esigodini','ESIG','MTS','ZIM',NULL,'ACTIVE'),('Figtree','FIGT','MTS','ZIM',NULL,'ACTIVE'),('Filabusi','FILA','MTS','ZIM',NULL,'ACTIVE'),('Fort Rixon','FORT','MTS','ZIM',NULL,'ACTIVE'),('Fort Usher','FOR','MTS','ZIM',NULL,'ACTIVE'),('Gwanda ','GWAND','MTS','ZIM',NULL,'ACTIVE'),('Kame','KAM','MTS','ZIM',NULL,'ACTIVE'),('Kezi','KEZ','MTS','ZIM',NULL,'ACTIVE'),('Mangwe','MANG','MTS','ZIM',NULL,'ACTIVE'),('Maphisa','MAPH','MTS','ZIM',NULL,'ACTIVE'),('Marula','MAR','MTS','ZIM',NULL,'ACTIVE'),('Mazunga','MAZ','MTS','ZIM',NULL,'ACTIVE'),('Mbalabala','MBA','MTS','ZIM',NULL,'ACTIVE'),('Mphoengs','MPHO','MTS','ZIM',NULL,'ACTIVE'),('Ngwesi','NGW','MTS','ZIM',NULL,'ACTIVE'),('Nsiza','NSI','MTS','ZIM',NULL,'ACTIVE'),('Plumtree','PLU','MTS','ZIM',NULL,'ACTIVE'),('Towla','TOW','MTS','ZIM',NULL,'ACTIVE'),('Tuli','TUL','MTS','ZIM',NULL,'ACTIVE'),('Vubachikwe','VUB','MTS','ZIM',NULL,'ACTIVE'),('West Nicholson','WSTN','MTS','ZIM',NULL,'ACTIVE'),('Bannockburn','BANN','MID','ZIM',NULL,'ACTIVE'),('Buchwa','BUCH','MID','ZIM',NULL,'ACTIVE'),('Chirumanzu','CHI','MID','ZIM',NULL,'ACTIVE'),('Copper Queen','COPP','MID','ZIM',NULL,'ACTIVE'),('Empress Mine','EMP','MID','ZIM',NULL,'ACTIVE'),('Featherstone','FEAT','MID','ZIM',NULL,'ACTIVE'),('Gokwe','GOK','MID','ZIM',NULL,'ACTIVE'),('Guinea Fowl','GUI','MID','ZIM',NULL,'ACTIVE'),('Gweru ','GWE','MID','ZIM',NULL,'ACTIVE'),('Hunters Road','HUN','MID','ZIM',NULL,'ACTIVE'),('Ingezi','ING','MID','ZIM',NULL,'ACTIVE'),('Insukamini','INSUK','MID','ZIM',NULL,'ACTIVE'),('Kwekwe','KWE','MID','ZIM',NULL,'ACTIVE'),('Lalapanzi','LALA','MID','ZIM',NULL,'ACTIVE'),('Mberengwa','MBE','MID','ZIM',NULL,'ACTIVE'),('Mvuma','MVU','MID','ZIM',NULL,'ACTIVE'),('New Featherstone','NEW','MID','ZIM',NULL,'ACTIVE'),('Njelele','NJE','MID','ZIM',NULL,'ACTIVE'),('Redcliff','REDC','MID','ZIM',NULL,'ACTIVE'),('Sherwood','SHER','MID','ZIM',NULL,'ACTIVE'),('Shurugwi','SHURU','MID','ZIM',NULL,'ACTIVE'),('Silobela','SILO','MID','ZIM',NULL,'ACTIVE'),('Somabhula','SOMA','MID','ZIM',NULL,'ACTIVE'),('The Range','THE','MID','ZIM',NULL,'ACTIVE'),('Zhombe','ZHO','MID','ZIM',NULL,'ACTIVE'),('Zvishavane','ZVI','MID','ZIM',NULL,'ACTIVE');

/*Data for the table `st_lms_htpos_device_master` */

insert  into `st_lms_htpos_device_master`(`device_id`,`device_type`) values (1,'EFT930'),(2,'iCT220'),(3,'iWL220'),(4,'EFT930_COLOR'),(5,'TPS800');
insert  into `st_lms_inv_brand_master`(`brand_id`,`brand_name`,`brand_desc`,`inv_id`) values (2,'THIN CLIENT','HP THIN CLIENT',1),(3,'TELPO','Telpo handheld terminal',1),(4,'Telepower','',1),(5,'ABS','',3),(6,'Ingenico','Ingenico',1),(7,'test100brand','ghsefghrkijhvfge',4),(8,'spectra','',1),(9,'T700','Terminal Added',1),(10,'brand','jhf',6),(11,'TPS','adding terminal',1);

/*Data for the table `st_lms_inv_model_master` */

insert  into `st_lms_inv_model_master`(`model_id`,`brand_id`,`model_name`,`inv_id`,`model_desc`,`is_req_on_reg`,`check_binding_length`,`inv_column_name`,`is_inv_code_req`) values (1,1,'iCT220',1,'','YES',8,'serial_number','N'),(2,1,'EFT',1,'','YES',8,'serial_number','N'),(3,1,'EFT930',1,'','YES',8,'serial_number','N'),(4,2,'HP THIN CLIENT',1,'','NO',0,'serial_number','N'),(5,3,'TPS300',1,'','YES',15,'serial_number','N'),(6,4,'TPS800',1,'','YES',15,'serial_number','N'),(7,5,'Model',3,'','NO',0,NULL,'N'),(8,1,'IWL220',1,'','NO',0,NULL,'N'),(9,6,'IWL220',1,'','NO',0,NULL,'N'),(10,7,'test100model',4,'rhgreerilgmrelkgvrdldkg','NO',12,NULL,'N'),(11,6,'EFT930',1,'2','NO',2,NULL,'N'),(12,8,'2H014042',1,'Terminal Added','YES',0,NULL,'N'),(13,8,'T700',1,'Terminal added','YES',0,NULL,'N'),(14,10,'model',6,'jyguj','NO',2,NULL,'N'),(15,11,'TPS800',1,'','NO',0,NULL,'N');

insert  into `st_ola_wallet_master`(`wallet_id`,`wallet_name`,`wallet_category`,`wallet_display_name`,`ret_deposit_comm`,`agt_deposit_comm`,`ret_withdrawl_comm`,`agt_withdrawl_comm`,`tds_comm_rate`,`ret_net_gaming_comm`,`agt_net_gaming_comm`,`wallet_status`,`verification_type`,`min_deposit`,`registration_type`) values (1,'PLAYER_LOTTERY','GAMING','PLAYER_LOTTERY','10.00','0.00','0.00','0.00',0.00,NULL,NULL,'ACTIVE','MOBILE_NUM','1.00','FULL'),(2,'TabletGaming','GAMING','TabletGaming','0.00','0.00','0.00','0.00',0.00,NULL,NULL,'ACTIVE','MOBILE_NUM','5.00','MOBILE'),(3,'ALA_WALLET','GAMING','ALA','0.00','0.00','0.00','0.00',0.00,NULL,NULL,'ACTIVE','USER_NAME','5.00','ALA');

insert  into `st_ola_wallet_authentication_type`(`wallet_id`,`transaction_type`,`authentication_type`) values (1,'WITHDRAWL','SMS_CODE');
insert  into `st_ola_wallet_integration_master`(`wallet_id`,`int_ip`,`int_walletCode`,`int_userName`,`int_password`) values (2,'192.168.134.39','www.africalotto.co.zw','sachar','S@char123'),(3,'192.168.134.39','www.africalotto.co.zw','sachar','S@char123');


insert  into `st_se_game_master`(`game_id`,`game_nbr`,`game_name`,`ticket_price`,`start_date`,`sale_end_date`,`pwt_end_date`,`nbr_of_tickets`,`nbr_of_books`,`nbr_of_tickets_per_book`,`nbr_of_books_per_pack`,`agent_sale_comm_rate`,`agent_pwt_comm_rate`,`retailer_sale_comm_rate`,`retailer_pwt_comm_rate`,`govt_comm_rate`,`game_status`,`govt_comm_type`,`fixed_amt`,`add_inv_status`,`prize_payout_ratio`,`vat_amt`,`vat_paid`,`vat_balance`,`tickets_in_scheme`,`invoice_scheme_id`,`game_description`,`game_image_path`) values (1,101,'Cash It','0.50','2010-10-21 00:00:00','2013-03-31 00:00:00','2013-04-30 00:00:00',1000000,10000,100,100,'0.00','0.00','0.00','0.00','25.00','CLOSE','FIXED_PER','0.00','F','50.00','15.00','0.00','0',500000,3,'Cash It','/images/scratch/banner_image_new.jpgNXT/images/scratch/banner_image_new.jpg'),(2,102,'Play Play Play','1.00','2010-10-21 00:00:00','2013-03-31 00:00:00','2013-04-30 00:00:00',500000,5000,100,100,'0.00','0.00','0.00','0.00','25.00','CLOSE','FIXED_PER','0.00','F','50.00','15.00','0.00','0',500000,3,'Play Play Play','/images/scratch/ppp108.jpgNXT/images/scratch/playplayplay.jpg'),(3,103,'Go O Bhora','2.00','2010-10-21 00:00:00','2016-12-03 00:00:00','2016-12-30 00:00:00',500000,5000,100,100,'0.00','0.00','0.00','0.00','25.00','OPEN','FIXED_PER','0.00','F','50.00','15.00','0.00','0',500000,3,'Find your goal count higher than dealers goal','/images/scratch/GOB108.jpgNXT/images/scratch/goobhora.jpg'),(4,104,'SPAR BONANZA','1.00','2011-05-03 00:00:00','2013-11-30 00:00:00','2013-12-31 00:00:00',1000000,10000,100,100,'0.00','0.00','0.00','0.00','25.00','CLOSE','FIXED_PER','0.00','F','60.00','15.00','0.00','0',1000000,3,'SPAR BONANZA','/images/scratch/banner_image_new.jpgNXT/images/scratch/banner_image_new.jpg'),(5,105,'New Play Play Play','1.00','2012-05-09 00:00:00','2016-12-03 00:00:00','2016-12-30 00:00:00',1000000,10000,100,100,'0.00','0.00','0.00','0.00','25.00','OPEN','FIXED_PER','0.00','F','50.00','15.00','0.00','0',500000,3,'Match 3 same symbols to win','/images/scratch/ppp108.jpgNXT/images/scratch/playplayplay.jpg'),(6,106,'Big Game Hunt','1.00','2012-05-09 00:00:00','2016-11-15 00:00:00','2016-11-23 00:00:00',1000000,10000,100,100,'0.00','0.00','0.00','0.00','25.00','CLOSE','FIXED_PER','0.00','F','50.00','15.00','0.00','0',500000,3,'Match 3 same symbols to win','/images/scratch/bgh108.jpgNXT/images/scratch/biggamehunt.jpg'),(10,107,'Bumper Harvest','0.50','2012-07-30 00:00:00','2016-06-30 00:00:00','2017-03-31 00:00:00',1000000,10000,100,100,'0.00','0.00','0.00','0.00','25.00','SALE_CLOSE','FIXED_PER','0.00','F','50.00','15.00','0.00','0',500000,3,'Match 3 same symbols to win','/images/scratch/BV108.jpgNXT/images/scratch/bmprharves.jpg'),(11,108,'Bonus','0.50','2012-07-30 00:00:00','2016-11-30 00:00:00','2016-12-31 00:00:00',1000000,10000,100,100,'0.00','0.00','0.00','0.00','25.00','OPEN','FIXED_PER','0.00','F','50.00','15.00','0.00','0',500000,3,'Match 3 same symbols to win','/images/scratch/bonus108.jpgNXT/images/scratch/bonus.jpg'),(12,109,'Diamond Rush','0.50','2014-09-12 00:00:00','2016-11-30 00:00:00','2016-12-01 00:00:00',500000,5000,100,100,'0.00','0.00','0.00','0.00','25.00','OPEN','FIXED_PER','0.00','F','55.00','15.00','0.00','0',500000,3,NULL,NULL),(13,110,'Bejewelled','0.50','2014-09-12 00:00:00','2016-12-03 00:00:00','2016-12-30 00:00:00',500000,5000,100,100,'0.00','0.00','0.00','0.00','25.00','OPEN','FIXED_PER','0.00','F','55.00','15.00','0.00','0',500000,3,NULL,NULL),(14,111,'Tic Tack','1.00','2014-09-12 00:00:00','2016-12-03 00:00:00','2016-12-30 00:00:00',500000,5000,100,100,'0.00','0.00','0.00','0.00','25.00','OPEN','FIXED_PER','0.00','F','55.00','15.00','0.00','0',500000,3,NULL,NULL),(15,989,'oops','10.00','2016-10-07 00:00:00','2016-10-26 00:00:00','2016-11-30 00:00:00',100,10,10,10,'0.00','0.00','0.00','0.00','1.00','SALE_HOLD','FIXED_PER','0.00','F','50.00','1.00','0.00','0',100,3,NULL,NULL),(16,987,'scratch','1.00','2016-10-12 00:00:00','2016-10-13 00:00:00','2016-10-31 00:00:00',100,10,10,10,'0.00','0.00','0.00','0.00','1.00','CLOSE','FIXED_PER','0.00','F','50.00','1.00','0.00','0',100,3,NULL,NULL),(17,733,'seven','1.00','2016-10-12 00:00:00','2016-10-20 00:00:00','2016-10-31 00:00:00',100,10,10,10,'0.00','0.00','0.00','0.00','1.00','CLOSE','FIXED_PER','0.00','F','50.00','1.00','0.00','0',0,3,NULL,NULL),(18,656,'six','1.00',NULL,NULL,NULL,100,10,10,10,'0.00','0.00','0.00','0.00','1.00','NEW','FIXED_PER','0.00','T','50.00','1.00','0.00','0',100,3,NULL,NULL),(19,443,'four','1.00','2016-10-13 00:00:00','2016-10-14 00:00:00','2016-10-15 00:00:00',100,10,10,10,'0.00','0.00','0.00','0.00','1.00','CLOSE','FIXED_PER','0.00','F','50.00','1.00','0.00','0',100,3,NULL,NULL),(20,992,'nalini','1.00','2016-10-26 00:00:00','2016-10-27 00:00:00','2016-10-28 00:00:00',100,10,10,10,'0.00','0.00','0.00','0.00','10.00','CLOSE','FIXED_PER','10.00','F','10.00','1.00','0.00','0',100,3,NULL,NULL),(21,990,'SIT','10.00',NULL,NULL,NULL,NULL,NULL,10,1,'0.00','0.00','0.00','0.00','10.00','NEW','FIXED_PER','0.00','F','10.00','10.00','0.00','0',0,3,NULL,NULL),(22,775,'pawan','1.00','2016-10-26 00:00:00','2016-10-27 00:00:00','2016-10-28 00:00:00',100,10,10,10,'0.00','0.00','0.00','0.00','1.00','CLOSE','FIXED_PER','0.00','F','50.00','1.00','0.00','0',100,3,NULL,NULL),(23,558,'ullaulla','1.00','2016-10-26 00:00:00','2016-10-27 00:00:00','2016-10-28 00:00:00',100,10,10,10,'0.00','0.00','0.00','0.00','10.00','CLOSE','FIXED_PER','0.00','F','10.00','50.00','0.00','0',0,3,NULL,NULL),(24,577,'rglimit','1.00','2016-10-26 00:00:00','2016-10-27 00:00:00','2016-10-28 00:00:00',100,10,10,10,'0.00','0.00','0.00','0.00','10.00','CLOSE','FIXED_PER','0.00','F','2.00','2.00','0.00','0',0,3,NULL,NULL),(25,852,'final','1.00','2016-10-26 00:00:00','2016-10-27 00:00:00','2016-10-28 00:00:00',100,10,10,10,'0.00','0.00','0.00','0.00','1.00','CLOSE','FIXED_PER','0.00','F','1.00','1.00','0.00','0',0,3,NULL,NULL),(26,556,'mit','1.00','2016-10-27 00:00:00','2016-10-28 00:00:00','2016-10-29 00:00:00',100,10,10,10,'0.00','0.00','0.00','0.00','1.00','CLOSE','FIXED_PER','0.00','F','2.00','1.00','0.00','0',0,3,NULL,NULL),(27,811,'nik','1.00','2016-10-27 00:00:00','2016-10-28 00:00:00','2016-10-29 00:00:00',100,10,10,10,'0.00','0.00','0.00','0.00','1.00','CLOSE','FIXED_PER','0.00','F','1.00','1.00','0.00','0',0,3,NULL,NULL),(28,116,'DemoGame','1.00','2016-10-27 00:00:00','2016-10-28 00:00:00','2016-10-29 00:00:00',100,10,10,10,'0.00','0.00','0.00','0.00','10.00','CLOSE','FIXED_PER','100.00','F','10.00','1.00','0.00','0',100,3,NULL,NULL),(29,342,'gps','1.00','2016-11-16 00:00:00','2016-11-17 00:00:00','2016-11-18 00:00:00',1000,100,10,10,'0.00','0.00','0.00','0.00','1.00','CLOSE','FIXED_PER','0.00','F','10.00','0.00','0.00','0',0,3,NULL,NULL),(30,484,'fourp','1.00','2016-11-17 00:00:00','2016-11-18 00:00:00','2016-11-19 00:00:00',100,10,10,10,'0.00','0.00','0.00','0.00','1.00','CLOSE','FIXED_PER','0.00','F','50.00','1.00','0.00','0',100,3,NULL,NULL),(31,993,'kannu','1.00',NULL,NULL,NULL,100,10,10,10,'0.00','0.00','0.00','0.00','1.00','NEW','FIXED_PER','0.00','T','50.00','1.00','0.00','0',100,3,NULL,NULL);

insert  into `st_se_game_ticket_nbr_format`(`game_id`,`pack_nbr_digits`,`book_nbr_digits`,`ticket_nbr_digits`,`game_nbr_digits`,`game_rank_digits`,`game_virn_digits`) values (1,3,3,3,3,1,10),(2,3,3,3,3,1,10),(3,3,3,3,3,1,10),(4,3,3,3,3,1,10),(5,3,3,3,3,1,10),(6,3,3,3,3,1,10),(10,3,3,3,3,1,10),(11,3,3,3,3,1,10),(12,3,3,3,3,1,10),(13,3,3,3,3,1,10),(14,3,3,3,3,1,10),(15,3,3,2,3,1,10),(16,3,3,2,3,1,10),(17,3,3,2,3,1,10),(18,3,3,2,3,1,10),(19,3,3,2,3,1,10),(20,3,3,2,3,1,10),(21,3,3,2,3,1,10),(22,3,3,2,3,1,10),(23,3,3,2,3,1,10),(24,3,3,2,3,1,10),(25,3,3,2,3,1,10),(26,3,3,2,3,1,10),(27,3,3,2,3,1,10),(28,3,3,2,3,1,10),(29,3,3,2,3,1,10),(30,3,3,2,3,1,10),(31,3,3,2,3,1,10);

insert  into `st_se_invoicing_methods`(`invoice_method_id`,`scheme_type`,`scheme_value_type`,`scheme_value`,`scheme_description`) values (1,'ON_BOOK_RECEIVE_REG_RET','BOOLEAN','YES','On Dispactch of the book TO Agen t'),(2,'ON_BOOK_ACTIVATION_RET','BOOLEAN','YES','On Book Activation'),(3,'ON_SALES_RET','FIXED','1','Afer X days of activation'),(4,'AFTER_DAYS_ACTIVATION','FIXED','15','Afer 50% of book tickets soled'),(5,'ON_SALES_RET','PERCENTAGE','50','After 50% of Low tier Wining claimed of that book'),(6,'ON_WIN_CLAIM_RET','FIXED','1','On Dispatc hFrom AGENT TO REtailer'),(7,'ON_WIN_CLAIM_RET','PERCENTAGE','50','ON BOOK Receive Registration'),(8,'BO_AGENT_DISPATCH',NULL,NULL,NULL);

insert  into `st_se_supplier_master`(`supplier_id`,`name`,`addr_line1`,`addr_line2`,`city`,`state_code`,`country_code`,`pin_code`) values (1,'Skilrock Technologies Pvt Ltd.','4th Floor Bldg No.14','Dlf Cyber City New Delhi','India','HAR','ZIM',110001),(2,'skilrock','kdfghd','lkdfsugh','mdfjhgsh','HAR','ZIM',2456464);


insert  into `st_se_warehouse_master`(`warehouse_id`,`warehouse_name`,`warehouse_created_date`,`warehouse_capacity`,`city_id`,`state_id`,`address1`,`address2`,`warehouse_owner_id`,`warehouse_type`) values (1,'gurgaon','2016-10-07 00:00:00',100,NULL,NULL,NULL,NULL,11913,'FIXED'),(2,'udyog vihar','2016-10-12 15:48:01',NULL,'HAR','HAR','','',11913,'FIXED'),(3,'delhi_warehouse','2016-10-12 15:57:16',NULL,'HAR','HAR','a1','a2',11002,'FIXED');

insert  into `st_sle_game_master`(`game_id`,`game_no`,`game_dev_name`,`game_disp_name`,`closing_time`,`display_order`,`game_status`) values (1,1,'SOCCER','Soccer',NULL,1,'SALE_OPEN');

insert  into `st_sle_game_type_master`(`game_type_id`,`game_id`,`type_dev_name`,`type_disp_name`,`vat_amt`,`gov_comm_rate`,`retailer_sale_comm_rate`,`retailer_pwt_comm_rate`,`agent_sale_comm_rate`,`agent_pwt_comm_rate`,`govt_pwt_comm_rate`,`closing_time`,`display_order`,`type_status`,`prize_payout_ratio`) values (1,1,'soccer13','Soccer 13','0.00','0.00','0.00','0.00','0.00','0.00','0.00','0000-00-00 00:00:00',2,'SALE_OPEN','0.00'),(2,1,'soccer10','Soccer 10','0.00','0.00','0.00','0.00','0.00','0.00','0.00','0000-00-00 00:00:00',3,'SALE_OPEN','0.00'),(3,1,'soccer6','Soccer 6','0.00','0.00','0.00','0.00','0.00','0.00','0.00','0000-00-00 00:00:00',4,'SALE_OPEN','0.00'),(4,1,'soccer4','Soccer 4','0.00','0.00','0.00','0.00','0.00','0.00','0.00','0000-00-00 00:00:00',5,'SALE_OPEN','0.00');

insert  into `st_vs_game_master`(`game_id`,`game_no`,`game_dev_name`,`game_disp_name`,`vat_amt`,`gov_comm_rate`,`govt_comm_pwt_rate`,`retailer_sale_comm_rate`,`retailer_pwt_comm_rate`,`agent_sale_comm_rate`,`agent_pwt_comm_rate`,`closing_time`,`display_order`,`game_status`,`prize_payout_ratio`) values (1,1,'VIRTUAL_BETTING','VIRTUAL BETTING','0.00','0.00','0.00','0.00','0.00','0.00','0.00',NULL,1,'SALE_CLOSE','0.00');
